{"cameraMode":{"drawMode":2,"name":"Shaded Wireframe","section":"Shading Mode"},"sceneLighting":true,"audioPlay":false,"sceneViewState":{"showFog":true,"showMaterialUpdate":false,"showSkybox":true,"showFlares":true,"showImageEffects":true,"showParticleSystems":true},"in2DMode":false,"pivot":{"x":-0.027198903262615205,"y":0.2595430910587311,"z":0.3499811291694641},"rotation":{"x":-0.0494074672460556,"y":0.9376449584960938,"z":-0.3099033832550049,"w":-0.14948898553848267},"size":8.804370880126954,"orthographic":false}