{"cameraMode":{"drawMode":2,"name":"Shaded Wireframe","section":"Shading Mode"},"sceneLighting":true,"audioPlay":false,"sceneViewState":{"showFog":true,"showMaterialUpdate":false,"showSkybox":true,"showFlares":true,"showImageEffects":true,"showParticleSystems":true},"in2DMode":false,"pivot":{"x":-9.869999885559082,"y":0.0,"z":-0.009999999776482582},"rotation":{"x":0.17990320920944215,"y":-0.011807313188910485,"z":0.002160038333386183,"w":0.9836175441741943},"size":1102.7081298828125,"orthographic":false}