{"cameraMode":{"drawMode":0,"name":"Shaded","section":"Shading Mode"},"sceneLighting":true,"audioPlay":false,"sceneViewState":{"showFog":true,"showMaterialUpdate":false,"showSkybox":true,"showFlares":true,"showImageEffects":true,"showParticleSystems":true},"in2DMode":false,"pivot":{"x":233.0471649169922,"y":126.45169830322266,"z":69.42465209960938},"rotation":{"x":-0.0342973954975605,"y":0.9353922009468079,"z":-0.09461478143930435,"w":-0.3390079736709595},"size":659.524658203125,"orthographic":false}