{"cameraMode":{"drawMode":2,"name":"Shaded Wireframe","section":"Shading Mode"},"sceneLighting":true,"audioPlay":false,"sceneViewState":{"showFog":true,"showMaterialUpdate":false,"showSkybox":true,"showFlares":true,"showImageEffects":true,"showParticleSystems":true},"in2DMode":false,"pivot":{"x":0.28164827823638918,"y":0.3774336576461792,"z":-0.03883310407400131},"rotation":{"x":0.3603734076023102,"y":0.05368265137076378,"z":-0.020778806880116464,"w":0.9310301542282105},"size":16.55051612854004,"orthographic":false}